{"Check Cake":true,"Select Raid":"","ESP Player":false,"Select Monster":"","Auto Next Sea":false,"ESP Devil Fruit":true,"WalkSpeed":743,"Teleport To Fruit ":false,"Auto Drop Fruit":false,"Auto Farm Level":false,"Auto Next Island":false,"Health %":25,"Buy Devil Fruit Sinper":false,"Fast Attack":true,"Auto Buy Microchip":false,"Kill Aura":false,"Select Weapon":"Melee","Auto God Human [Must unlock all Melee v2]":false,"Spectate Player":false,"Gravity":196,"Selected Player":"","Select Boss":"","ESP Flower":false,"Selected DevilFruit":[],"Safe Mode":false,"Jump Power":470,"Selected Material":"","Destroy Fruit When Already Have":false,"Auto Awakener":false,"Auto Store Fruit":true,"ESP Chest":false,"Auto Superhuman":false,"Ctrl + Click to TP":true,"Auto Haki":true,"Auto Kill Near ":true,"Auto Buy Abilities":false,"Check Elite":true,"Select To World":""}