{"Stats":{"Point Stats":1,"Dropdown Stats":[]},"Ability":{"Dodge No CD":false,"Water Walk":false,"Inf Energy":false,"Inf Soru":false,"Inf Ability":true,"Inf Geppo":false},"Sword":{"Yama":false,"Tushita":false,"Scythe Hop":false,"Rengoku":false,"Sea Anchor":false,"Tushita Hop":false,"Scythe":false},"Chest":{"Fist of Darkness":false,"Tween Chest":false,"God Chalice":false,"Hop":false,"Instant Chest":false},"Config":{"Bypass TP":false,"Start Magnet":true,"Weapon Type":1,"Rejoin":true,"Fast Attack":true,"Remove Effect":false,"Select Team":1,"Distance Enemy":30,"Fast Attack Delay":0.05,"Double Quest":false},"Main":{"Auto Saber Quest":false,"Hop Item Drop":false,"Auto Don Swan Quest":false,"Auto Bartilo Quest":false,"Type Mastery":1,"Color List":[],"Auto Elite Hunter":false,"Auto Farm Level":false,"Auto Farm Boss Hop":false,"Auto KatakuriV1":false,"Auto Legendary Sword Dealer":false,"Slider Boat":300,"Auto Legendary Sword Dealer Hop":false,"Use Skill":[],"Auto Farm Fruit Mastery":false,"Speed Boat":false,"Auto Farm Select Monster":false,"Auto KatakuriV2":false,"Auto Color Haki Dealer Hop":false,"Auto Third Sea":false,"Distance Mastery":10,"Drive Boat":false,"Items Drop":false,"Auto Second Sea":false,"Auto Ectoplasm":false,"Elite Cup":false,"Elite Hop":false,"Pirate Raid":false,"Auto Factory Hop":false,"Random Suprise":false,"Auto Bone":false,"Auto Color Haki Dealer":false,"Auto Farm Boss":false,"Boss List":1,"Auto Nearest":false,"Auto Haki V2 Quest":false,"Hold Skill":[],"Auto Farm Gun Mastey":false,"Auto Factory":false,"Select Item":1,"Fast Farm Level":false,"Auto Rainbow Haki Quest":false,"Kill At":20,"Auto Farm All Boss":false,"Sea Beast":false,"Select Boats":1},"FightingStyle":[],"Dungeon":{"Auto Law Raid":false,"Auto Next Island":false,"Chip":1,"Auto Awakener":false,"Select Fruit Rarity":1,"Kill Aura":false,"Auto Farm Dungeon":false},"Material":{"Choose":1,"Enable":false},"Observation":{"Enable":false,"Delay":30,"Hop":false},"SeaEvent":{"Auto Rough Sea":false,"Auto Spawn Mirage":false,"Rough Position":1,"Collect Azure":false,"Tween Kitsune":false,"Rough Sea Monster":[],"Auto Kill Leviathan":false,"Auto Kill Monster":false,"Remove Rough Sea":true}}